{
  "train_loss": [
    2.011146863953012,
    1.4484329057521508,
    1.1254001953562751,
    0.9772673239473437,
    0.8961027591932015,
    0.7588015750783389,
    0.7724439941468786,
    0.7450968002686735,
    0.7591654443349994,
    0.7479357250401231,
    0.7648930383510277,
    0.6997245745580705,
    0.811789476969203,
    0.6597466556752314,
    0.7247337190831293,
    0.7582689733778845,
    0.6518651002743205,
    0.6650955335038607,
    0.6429281835673285,
    0.5996945075324325,
    0.6248540067281879,
    0.5566044708744424,
    0.5838082066324891,
    0.575282660664105,
    0.644135300741821,
    0.5855884009697399,
    0.5712921868582241,
    0.5749648359955334,
    0.6027252727844676,
    0.6072696540199343,
    0.5255021413818735,
    0.6764989558790551,
    0.5754536654128403,
    0.512037136515633,
    0.5207928951646461,
    0.552468720029612,
    0.5909225193203472,
    0.5747140533611422,
    0.569738620128788,
    0.4823107577738215,
    0.6135087125614042,
    0.5442014883776181,
    0.48167639140222895,
    0.5069953940930914,
    0.5378624767553611,
    0.6166852854314397,
    0.541468938354586,
    0.54233674973738,
    0.4931401693430103,
    0.550471292655976
  ],
  "train_acc": [
    0.21875,
    0.4805327868852459,
    0.6342213114754098,
    0.6885245901639344,
    0.7238729508196722,
    0.7520491803278688,
    0.7684426229508197,
    0.8007172131147541,
    0.7638319672131147,
    0.6746926229508197,
    0.7008196721311475,
    0.8176229508196722,
    0.7807377049180327,
    0.805327868852459,
    0.78125,
    0.7377049180327869,
    0.7474385245901639,
    0.7228483606557377,
    0.7689549180327869,
    0.8273565573770492,
    0.7725409836065574,
    0.8155737704918032,
    0.8545081967213115,
    0.8094262295081968,
    0.7843237704918032,
    0.8217213114754098,
    0.8611680327868853,
    0.8125,
    0.8498975409836066,
    0.7515368852459017,
    0.8483606557377049,
    0.7412909836065574,
    0.8519467213114754,
    0.8534836065573771,
    0.8524590163934426,
    0.8319672131147541,
    0.8022540983606558,
    0.8022540983606558,
    0.8135245901639344,
    0.8616803278688525,
    0.8201844262295082,
    0.8222336065573771,
    0.8084016393442623,
    0.8632172131147541,
    0.8519467213114754,
    0.7945696721311475,
    0.8498975409836066,
    0.860655737704918,
    0.8714139344262295,
    0.8391393442622951
  ],
  "val_loss": [
    1.4637884922575153,
    0.9626523555751052,
    0.7098306976436999,
    0.602371508710122,
    0.5668234926376616,
    0.5472779854347831,
    0.4971957309394362,
    0.6231930489745436,
    0.4890700048236756,
    0.49636975515402104,
    0.525307786664324,
    0.44975510239601135,
    0.5075366594004289,
    0.43980958344833704,
    0.44868279202132705,
    0.46243408864194696,
    0.45066663280628516,
    0.4521112882634669,
    0.43402616971987856,
    0.42651168424547004,
    0.43354458729045814,
    0.42676092149538286,
    0.4176248406109057,
    0.41974028003843206,
    0.42291754327322306,
    0.42881326341743103,
    0.41658098931517895,
    0.41411942058202755,
    0.41703144571427525,
    0.406112923576501,
    0.3988405453246176,
    0.4054171477208297,
    0.3922704094619842,
    0.3931700393343656,
    0.3888463262450752,
    0.3969578162619942,
    0.38620760623347816,
    0.392925841671428,
    0.38994028437080563,
    0.3832517510110682,
    0.3892719563114586,
    0.3904018948237862,
    0.38926957782946137,
    0.38874524874550304,
    0.3897596261147677,
    0.39119567055451243,
    0.39004403352737427,
    0.39032619264707613,
    0.39003008932017824,
    0.38754689208628457
  ],
  "val_acc": [
    0.6076555023923444,
    0.7105263157894737,
    0.8349282296650717,
    0.868421052631579,
    0.8995215311004785,
    0.9043062200956937,
    0.930622009569378,
    0.8899521531100478,
    0.916267942583732,
    0.9186602870813397,
    0.9186602870813397,
    0.9473684210526315,
    0.930622009569378,
    0.9521531100478469,
    0.9425837320574163,
    0.9449760765550239,
    0.937799043062201,
    0.9425837320574163,
    0.9569377990430622,
    0.9545454545454546,
    0.9521531100478469,
    0.9641148325358851,
    0.9569377990430622,
    0.9545454545454546,
    0.9545454545454546,
    0.9473684210526315,
    0.9593301435406698,
    0.9473684210526315,
    0.9545454545454546,
    0.9593301435406698,
    0.9569377990430622,
    0.9593301435406698,
    0.9617224880382775,
    0.9569377990430622,
    0.9593301435406698,
    0.9569377990430622,
    0.9593301435406698,
    0.9545454545454546,
    0.9545454545454546,
    0.9569377990430622,
    0.9617224880382775,
    0.9593301435406698,
    0.9593301435406698,
    0.9593301435406698,
    0.9617224880382775,
    0.9593301435406698,
    0.9593301435406698,
    0.9593301435406698,
    0.9617224880382775,
    0.9593301435406698
  ],
  "ema_val_loss": [
    2.165440012963765,
    2.1191977245385565,
    2.0439259686538476,
    1.954868999964883,
    1.860233130067159,
    1.7570470514480008,
    1.6490408684078015,
    1.5409663670371023,
    1.4330197863601613,
    1.3265785754582529,
    1.2247295687643536,
    1.1279546578535053,
    1.0399814638794895,
    0.959479352789062,
    0.8897853214204596,
    0.8229384758826078,
    0.7616152252877157,
    0.7083676136566691,
    0.6602945350573964,
    0.6198637904732992,
    0.5855014019035266,
    0.5552357831640107,
    0.5307181704272493,
    0.5103003632223777,
    0.49398626551103364,
    0.4800650793969916,
    0.4671077062353563,
    0.45690819050706744,
    0.4485582586680873,
    0.4407862534648494,
    0.43396254603942613,
    0.4284338821349532,
    0.4237500389226886,
    0.41901371139658694,
    0.4147974570687308,
    0.4115388551682376,
    0.40850154264121535,
    0.40583841238866014,
    0.4036483381068307,
    0.4013981867635079,
    0.3995440753453086,
    0.39807811664622367,
    0.39671560565820724,
    0.3955423539620267,
    0.3946064047551041,
    0.39387948860962424,
    0.3931628676692835,
    0.3925529310577794,
    0.39193449493800625,
    0.39153743032633403
  ],
  "ema_val_acc": [
    0.11004784688995216,
    0.1339712918660287,
    0.17942583732057416,
    0.2727272727272727,
    0.35406698564593303,
    0.4449760765550239,
    0.5263157894736842,
    0.583732057416268,
    0.6148325358851675,
    0.6770334928229665,
    0.7344497607655502,
    0.7751196172248804,
    0.8110047846889952,
    0.8421052631578947,
    0.8516746411483254,
    0.861244019138756,
    0.8755980861244019,
    0.8851674641148325,
    0.8899521531100478,
    0.9090909090909091,
    0.9210526315789473,
    0.9234449760765551,
    0.9282296650717703,
    0.9401913875598086,
    0.9425837320574163,
    0.9449760765550239,
    0.9497607655502392,
    0.9545454545454546,
    0.9569377990430622,
    0.9569377990430622,
    0.9593301435406698,
    0.9593301435406698,
    0.9593301435406698,
    0.9593301435406698,
    0.9593301435406698,
    0.9593301435406698,
    0.9593301435406698,
    0.9593301435406698,
    0.9593301435406698,
    0.9593301435406698,
    0.9593301435406698,
    0.9593301435406698,
    0.9593301435406698,
    0.9593301435406698,
    0.9593301435406698,
    0.9593301435406698,
    0.9593301435406698,
    0.9593301435406698,
    0.9593301435406698,
    0.9593301435406698
  ],